{"count":1,"self":276.5936384,"total":277.3244715,"children":{"InitializeActuators":{"count":4,"self":0.00097679999999999989,"total":0.00097679999999999989,"children":null},"InitializeSensors":{"count":4,"self":0.0030104,"total":0.0030104,"children":null},"RayPerceptionSensor.Perceive":{"count":12,"self":0.0049670999999999995,"total":0.0049670999999999995,"children":null},"AgentSendState":{"count":13859,"self":0.0929976,"total":0.458319,"children":{"CollectObservations":{"count":4564,"self":0.014929399999999999,"total":0.014929399999999999,"children":null},"CollectDiscreteActionMasks":{"count":4564,"self":0.0069777999999999993,"total":0.0069777999999999993,"children":null},"RequestDecision":{"count":4564,"self":0.0348228,"total":0.3434142,"children":{"RayPerceptionSensor.Perceive":{"count":13692,"self":0.30859139999999996,"total":0.30859139999999996,"children":null}}}}},"DecideAction":{"count":13859,"self":0.0895106,"total":0.0895106,"children":null},"AgentAct":{"count":13859,"self":0.1720436,"total":0.1720436,"children":null}},"gauges":{},"metadata":{"timer_format_version":"0.1.0","start_time_seconds":"1606561102","unity_version":"2019.4.4f1","command_line_arguments":"E:\\MIDGARD\\unitydata\\punand-addressable-for-test\\PC\\PUN_AND_Addressable.exe","communication_protocol_version":"1.2.0","com.unity.ml-agents_version":"1.5.0-preview","scene_name":"Rooms","end_time_seconds":"1606561379"}}