{"count":1,"self":42.253312,"total":42.465105,"children":{"InitializeActuators":{"count":2,"self":0.0020063999999999998,"total":0.0020063999999999998,"children":null},"InitializeSensors":{"count":2,"self":0.0020134,"total":0.0020134,"children":null},"RayPerceptionSensor.Perceive":{"count":3,"self":0.0029682999999999997,"total":0.0029682999999999997,"children":null},"AgentSendState":{"count":1892,"self":0.0328151,"total":0.0805347,"children":{"CollectObservations":{"count":379,"self":0.0029641999999999997,"total":0.0029641999999999997,"children":null},"CollectDiscreteActionMasks":{"count":379,"self":0,"total":0,"children":null},"RequestDecision":{"count":379,"self":0.0089851999999999987,"total":0.0447554,"children":{"RayPerceptionSensor.Perceive":{"count":1137,"self":0.035770199999999995,"total":0.035770199999999995,"children":null}}}}},"DecideAction":{"count":1892,"self":0.067584999999999992,"total":0.067584999999999992,"children":null},"AgentAct":{"count":1892,"self":0.055696499999999996,"total":0.055696499999999996,"children":null}},"gauges":{},"metadata":{"timer_format_version":"0.1.0","start_time_seconds":"1606561406","unity_version":"2019.4.4f1","command_line_arguments":"E:\\MIDGARD\\unitydate\\2019.4.4f1\\Editor\\Unity.exe -projectpath E:\/MIDGARD\/unitydata\/punand-addressable-for-test -useHub -hubIPC -cloudEnvironment production -hubSessionId 98b5ae10-3120-11eb-b8a5-81a5ab2368b9 -accessToken XjFJeCRepeVvOBfdYmFE2HHYkdR9BOy2GobyEPLLh9w01ef","communication_protocol_version":"1.2.0","com.unity.ml-agents_version":"1.5.0-preview","scene_name":"Game","end_time_seconds":"1606561449"}}