{"count":1,"self":94.3186752,"total":95.896248,"children":{"InitializeActuators":{"count":1,"self":0.0029923999999999997,"total":0.0029923999999999997,"children":null},"InitializeSensors":{"count":1,"self":0.0019946,"total":0.0019946,"children":null},"AgentSendState":{"count":4485,"self":0.052227699999999995,"total":0.0775738,"children":{"CollectObservations":{"count":897,"self":0.0150684,"total":0.0150684,"children":null},"CollectDiscreteActionMasks":{"count":897,"self":0.0022505999999999997,"total":0.0022505999999999997,"children":null},"RequestDecision":{"count":897,"self":0.0080270999999999988,"total":0.0080270999999999988,"children":null}}},"DecideAction":{"count":4485,"self":1.2971633999999999,"total":1.3749898,"children":{"RayPerceptionSensor.Perceive":{"count":2691,"self":0.07782639999999999,"total":0.07782639999999999,"children":null}}},"AgentAct":{"count":4485,"self":0.11806939999999999,"total":0.11806939999999999,"children":null}},"gauges":{},"metadata":{"timer_format_version":"0.1.0","start_time_seconds":"1608613890","unity_version":"2019.4.4f1","command_line_arguments":"E:\\MIDGARD\\unitydate\\2019.4.4f1\\Editor\\Unity.exe -projectpath E:\/MIDGARD\/unitydata\/punand-addressable-for-test -useHub -hubIPC -cloudEnvironment production -hubSessionId 3a8c17c0-43ea-11eb-9c89-4136ed89807c -accessToken lR29g7gSRQCjUtNrXiRfFmUqtLtF1zCJpovTx8kssSc01ef","communication_protocol_version":"1.2.0","com.unity.ml-agents_version":"1.5.0-preview","scene_name":"Training","end_time_seconds":"1608613986"}}